valid_id,rank,anime_name
30010,12138.0,Frame Arms: A Violent Struggle
30012,11466.0,Tekusuke Monogatari
30013,10748.0,Super Short Comics
30014,3725.0,momokuri
30018,10952.0,Norakuro Nitouhei
30025,18648.0,Otenki Boys
30034,15512.0,The Voyages of Doctor Dolittle
30036,12912.0,Tokai no Butchy
30042,11581.0,Geori-eui Mubeopja
30045,11939.0,Shin Saru Kani Gassen
30046,10449.0,Hadashi Neko
30054,13123.0,Uli Sai Jjang-Iya
30061,15959.0,Genki Bakuhatsu Ganbaruger: Hyakka
30073,,Onaka no Ookina Ouji-sama
30080,10503.0,Inishie no Megami to Houseki no Ite
30088,5290.0,RYOTEI-NO-AJI
30089,11799.0,Life of the Dead
30090,12265.0,Zombie Diary
30094,12436.0,Majin Sentai Death Ranger: Ubawareta Pudding!
30103,,Precure All Stars Movie: Haru no Carnival♪ - Ima Koko kara
30104,,SAY! Cho-oh Rap
30105,11699.0,The Art of 10^64 -Understanding Vastness-
30116,13892.0,Yancharu Moncha
30117,18158.0,Monpy
30118,15859.0,Futari wa Nakayoshi: Goo to Sue
30123,994.0,Snow White with the Red Hair
30131,13175.0,Uwabaki Cook
30138,19159.0,Rusuden Hour: Sodan Brothers
30148,17033.0,Kamiusagi Rope Specials
30149,17029.0,Kamiusagi Rope 2 Specials
30150,17030.0,Kamiusagi Rope 3
30155,9343.0,Hoshi no Kirby: Taose!! Koukaku Majuu Ebizou
30163,,Fuki to Hiyoko
30178,8629.0,Tiger & Bunny Recaps
30187,2014.0,Beautiful Bones -Sakurako's Investigation-
30191,1199.0,Durarara!! x2 Shou: My Heart Is in the Pattern of a Hot Pot
30193,10195.0,The Dearest
30196,7388.0,Tsubasa to Hotaru (2015)
30199,,Hakimono to Kasa no Monogatari
30200,,Piyo no Ongaeshi
30201,,Shiawase no Tokei
30208,,Shiritori Mambo
30214,12544.0,A Smart Experiment
30228,15084.0,Chel-in sacheon-wang
30230,242.0,Ace of Diamond: Second Season
30234,,1989
30241,,Umo
30262,,No Money Omake episodes
30263,9121.0,Hello Kitty in Snow White
30264,10085.0,Hello Kitty in Cinderella
30269,,Momoiro Milk
30290,4124.0,Fw:Hamatora
30298,8743.0,Mahou no Princess Minky Momo: Yume wo Dakishimete Specials
30307,4109.0,Monster Musume: Everyday Life with Monster Girls
30309,9814.0,Yuuyake Dandan
30311,1209.0,Kuroko no Basket 3rd Season NG-shuu
30313,16953.0,Kaiketsu Zorori Movie: Uchuu no Yuusha-tachi
30321,2850.0,Strike the Blood: Kingdom of the Valkyria
30324,10975.0,Dokuro the Ghost
30326,12431.0,Oxed-Man
30330,12008.0,Beautiful Planet
30336,11954.0,The Bird
30344,2343.0,THE IDOLM@STER CINDERELLA GIRLS 2nd SEASON
30358,10417.0,Turnover
30360,18850.0,Poppen-sensei to Kaerazu no Numa
30362,15937.0,Garon
30363,4792.0,The Testament of Sister New Devil: Burst
30364,551.0,Haikyuu!! the Movie: The Winner and the Loser
30370,453.0,Yona of the Dawn OVA
30381,5225.0,Sousei no Aquarion Evol
30390,8882.0,Sengoku Musou: Sengoku Musou High School
30392,10594.0,Tyo Story
30393,12273.0,Nose Tale
30400,12389.0,Promise
30410,9201.0,Gon 2nd Season
30417,18707.0,Panpaka Pants O-New!
30425,,Wake Up! Dodo
30433,,Eat You Up/Bunny
30435,17060.0,Kankou Taisen Saitama: Sakuya no Tatakai
30437,5750.0,Wakakozake
30442,11967.0,Kana Kana Kazoku x Himitsukessha Taka no Tsume Collaboration Film
30443,11989.0,Kana Kana Kazoku: Shinnen no Goaisatsu
30446,11456.0,Little Red Riding Hood and Health
30453,10076.0,Dr. Slump: Arale-chan Ayaya!? Penguin Mura de TV Jack
30468,10143.0,My Melody in Little Red Riding Hood
30470,16345.0,Himitsukessha Taka no Tsume DO
30473,11441.0,"Sleep tight my baby, cradled in the sky"
30480,12509.0,Bara Bara Film
30489,11091.0,Minna Atsumare! Falcom Gakuen SC Special
30499,9573.0,Rolling☆Girls: Chibi☆Rolling☆Girls Korokoro Gekijou
30503,391.0,Noragami Aragoto
30512,16318.0,Hero Company
30514,4929.0,Nisekoimonogatari
30519,9774.0,Ba La La Xiao Mo Xian: Caihong Xin Shi
30524,7043.0,Kagewani
30530,15864.0,Fuusen Shoujo Temple-chan Movie
30531,7554.0,Gakuen Handsome The Animation
30543,,Rasen Sokou no Dystopia
30544,4768.0,The Asterisk War
30547,3108.0,Touhou Niji Sousaku Doujin Anime: Musou Kakyou Special
30559,12263.0,Why
30573,6577.0,Break Blade: Virgins War
30585,7904.0,Typhoon Noruda
30600,11191.0,Military!: Tamatama Shoumetsu Suru Shiroki Hikari!
30614,,Ane Yome Quartet
30617,10341.0,Animegatari
30625,7290.0,Princess Princess Specials
30634,15152.0,Chikyuu wo Mitsumete
30641,3979.0,Yankee-kun na Yamada-kun to Megane-chan to Majo
30646,8934.0,Perman (1983) Specials
30647,11324.0,Nemuranu Machi no Cinderella: Hirose Ryouichi - Memorial Date
30648,10357.0,Stitch: Heroes are Hard
30651,5102.0,Lovely Muuuuuuuco!
30658,,Gakuen no Ikenie: Nagusami Mono to Kashita Kyonyuu Furyou Shoujo
30666,12486.0,Scenes of My Childhood
30673,11287.0,Made in Japan
30694,1960.0,Dragon Ball Super
30695,7698.0,Pop in Q
30702,,Victorian Maid Maria no Houshi
30704,17003.0,Kakko Kawaii Sengen! Specials
30705,12443.0,makuranodanshi
30709,183.0,Kamisama Hajimemashita: Kako-hen
30711,3400.0,Code Geass: Akito the Exiled - To Beloved Ones
30714,2330.0,Seraph of the Endless
30721,7099.0,Hackadoll The Animation
30727,971.0,Saekano: How to Raise a Boring Girlfriend .flat
30732,11409.0,Agriculture Angel BARAKI: Play with Ibaraki Episode 0
30738,10715.0,Air Bound
30751,9030.0,Usavich Zero
30762,19939.0,Soumubu Sououka Yamaguchi Roppeita: Saibanin Project Hajimemasu!
30770,,Maid-san to Boin Damashii
30771,,Mudai
30777,16943.0,Kaijuu Sakaba Kanpai!
30778,1597.0,Fairy Tail Movie 2: Dragon Cry
30781,17839.0,Matsubara-kun
30782,11724.0,Bikini Warriors
30790,1987.0,Yowamushi Pedal: Re:Road
30795,6456.0,Bakuon!!
30796,16010.0,Gokudou Sakaba Denden: Gokudou Daisensou Gaiden
30803,18814.0,"Planetarium Chibi Maruko-chan, Hoshi ni Negai wo"
30812,,Gyakuten Majo Saiban: Chijo na Majo ni Sabakarechau The Animation
30813,4029.0,Classroom of the Elite PV
30814,12312.0,Landscape
30818,5617.0,City Hunter: Ryou no Propose
30825,3936.0,Ghost Stories: The Headless Horsemen!! Curse of Death
30845,3981.0,Aikatsu! Music Award: Minna de Shou wo MoracchaimaShow!
30860,12617.0,Anal Juke: Anal Juice
30868,1925.0,Ajin: Demi-Human Movie 1: Compel
30875,13250.0,Washimo 3rd Season
30886,9852.0,Mu Di
30895,7210.0,Haruchika: Haruta & Chika
30896,4363.0,Love Live! School Idol Project: μ's →NEXT LoveLive! 2014 - Endless Parade Encore Animation
30898,,Tsunpri
30901,2730.0,Utawarerumono: The False Faces
30902,976.0,Yuru Yuri Nachuyachumi!+
30903,,Children Record
30909,,Vivi
30916,8822.0,The Five Killers
30922,8518.0,MATASABURO of the Wind
30929,14420.0,Aladdin to Mahou no Lamp no Koutsuu Anzen
30939,19655.0,Shiranpuri
30947,11644.0,Kurayami Santa
30948,11490.0,Kowabon
30952,813.0,Initial D Legend 3: Dream
30953,5364.0,Arslan Senki (TV): Arsen 4-koma Gekijou
30954,7868.0,Jakusansei Million Arthur
30959,15076.0,Charamaru-kun to Dokumaru-kun
30967,11097.0,Chuumon no Ooi Ryouriten (1993)
30974,13258.0,Wasurerumonka!
30982,19790.0,Shutter Chance
30991,2904.0,Himouto! Umaru-chan OVA
30997,18552.0,Ojiichan no Tomato
30998,14091.0,Yuujou no Kickoff
30999,18418.0,Ningen no Uta
31004,18405.0,Niji no Kakehashi
31015,17017.0,Kakusensou
31033,18432.0,Nintama Rantarou: Dokutake Onsen no Dan
31034,18437.0,Nintama Rantarou: Ninjutsu Gakuen to Nazo no Onna - Kore wa Jiken da yo! no Dan
31043,237.0,ERASED
31044,7848.0,Kamisama Minarai: Himitsu no Cocotama
31049,6296.0,Beyblade Burst
31057,11297.0,Princess Onaka
31071,11678.0,"Kinyoru, Abe Reiji: Heikinteki na Salaryman no Ijou na Nichijou"
31078,18788.0,PikkaPika Summer
31091,7690.0,Komori-san Can't Decline!
31096,4755.0,Sound! Euphonium Specials
31098,720.0,Ushio & Tora (2016)
31101,,"Aniki no Yome-san nara, Ore ni Hamerarete Hiihii Itteru Tokoro da yo"
31111,8944.0,Nisshin Seifun Group CM
31113,8151.0,Suisei no Gargantia: Puchitto Furikaerintia
31115,7491.0,Schick x Evangelion
31117,,Ano Ko to Ii Koto
31128,6062.0,The Heroic Legend of Arslan
31139,12193.0,"Rainy Cocoa, Welcome to Rainy Color"
31147,5507.0,Concrete Revolutio
31163,3070.0,Dimension W
31170,11675.0,Youkai Ninpouchou Jiraiya!
31177,13880.0,Yakyuubu Aruaru
31189,,Watashi ga Toriko ni Natte Yaru
31201,2393.0,Doraemon the Movie: Nobita and the Birth of Japan 2016
31202,5778.0,Chibi Maruko-chan Movie: Italia kara Kita Shounen
31205,17677.0,Jungle Master
31211,8778.0,Choegang Top Plate
31221,7903.0,Tantei Team KZ Jiken Note
31223,7358.0,Phantasy Star Online 2 The Animation
31233,6740.0,Lu Shidai
31239,17346.0,Kotori Samba
31245,2964.0,I've Always Liked You
31257,10733.0,Spacy
31264,12283.0,Photodiary
31280,3076.0,Selector Destructed WIXOSS Movie
31283,11149.0,Bikini Warriors Special
31289,1109.0,"One Piece: Episode of Sabo - Bond of Three Brothers, A Miraculous Reunion and an Inherited Will"
31297,3029.0,Tokyo Ghoul: Pinto
31298,4209.0,Baka to Test to Shoukanjuu: Matsuri - Sentakushi Ikou nomi
31299,9865.0,The Legend of Shangri-La
31309,12004.0,Balloon
31310,10881.0,Kicking Rocks
31317,13992.0,Yonimo Kimyou na Man☆Gatarou
31318,9502.0,Comet Lucifer
31319,7542.0,12-sai. 2nd Season
31324,2902.0,Grisaia no Meikyuu: Caprice no Mayu 0 - Takizono Basketball Club no Nama Cream Party!
31326,2241.0,High School DxD BorN Specials
31327,2402.0,Food Wars! OVA
31331,,Busou Shoujotai: Blade Briders The Animation
31338,7357.0,Hundred
31339,721.0,Drifters
31344,6442.0,K: Missing Kings - Manner Movie
31348,10863.0,Xue Haizi
31361,18353.0,Neko Enikki
31362,9979.0,Osiris no Tenbin
31368,3797.0,Grisaia no Rakuen Specials
31376,1692.0,Flying Witch
31387,6167.0,Aru Hi Inu no Kuni kara Tegami ga Kite
31400,,Rinkan Biyaku Chuudoku: Nigeba Nashi! 1428-nin no Seito Zenin ni Sex Sareru Reijou Sayaka
31401,,Creamy Pie
31402,10268.0,Soul Worker: Your Destiny Awaits
31414,2674.0,Rainbow Days
31417,3912.0,Cute High Earth Defense Club LOVE! LOVE!
31418,1736.0,Fleet Girls Collection KanColle Movie Sequence
31422,7229.0,Minami Kamakura High School Girls Cycling Club
31430,5596.0,Terra Formars: Revenge
31433,996.0,Legend of the Galactic Heroes: Die Neue These
31442,4581.0,Myriad Colors Phantom World
31450,,Sol
31464,18784.0,Pichiko Dakyuubu
31471,11920.0,MILPOM★
31478,881.0,Bungo Stray Dogs
31486,3411.0,Tantei Opera Milky Holmes the Movie: Milky Holmes' Counterattack
31493,10480.0,Lord of Vermilion III Special Anime Movie
31501,,Master Blaster
31508,19648.0,Shinya Doubutsuen
31517,10524.0,Ohayou Ninja-tai Gatchaman
31518,,Honoo no Haramase Motto! Hatsuiku! Karada Sokutei 2
31519,11023.0,Anime de Training! Ex
31534,9326.0,Larva
31537,5490.0,Mysteria Friends
31539,10012.0,Kyoufu! Zombie Neko
31540,7658.0,Sekko Boys
31551,8628.0,Yurumates 3D Plus: Natsuyasumi Maison du Wish Report
31559,4402.0,Prince of Stride: Alternative
31568,,Wake Up
31573,6809.0,Brave Beats
31575,18530.0,Offside
31578,12379.0,JK-MESHI!
31581,9291.0,Tsuritama: Harikitte Contest
31593,6836.0,Rokka no Yuusha Picture Drama
31604,17047.0,Kana Kana Kazoku Shorts: Naru Haya Kakusan Kibou
31621,6192.0,Landlord is in Puberty!
31624,12010.0,Tomato ni Natta Otokonoko
31629,5703.0,Granblue Fantasy: The Animation
31630,6369.0,Ace Attorney
31631,7653.0,Monster Hunter Stories: Ride On
31636,5780.0,Dagashi Kashi
31644,12247.0,Deniroo's Circus
31652,,Taimanin Asagi 2
31658,480.0,Kuroko's Basketball the Movie: Last Game
31662,,Bary-san x Gospe Rats: Tonde Bary Bary Monogatari
31670,3262.0,JOKER 3rd Season
31678,2859.0,Dragon Nest: Throne of Elves
31685,12557.0,Don't tell Mom
31692,16003.0,Gogulyeoui Jeolm-eun Musadeul
31698,11093.0,Go For Speed
31706,1681.0,Fate/kaleid liner Prisma Illya 3rei!!
31710,10611.0,Divine Gate
31711,1499.0,To LOVE Ru Darkness 2 Specials
31715,405.0,Working!!! Lord of the Takanashi
31716,5593.0,Rewrite
31722,4069.0,The Seven Deadly Sins: Signs of Holy War
31730,14581.0,Audition
31733,1010.0,Pretty Guardian Sailor Moon Crystal Season III
31736,8186.0,Valkyrie Drive: Mermaid Specials
31737,3991.0,The Asterisk War Season 2
31740,,Chicchana Onaka
31741,812.0,Magi: Adventure of Sinbad
31749,11968.0,Chou Kidougai-ku: Kashiwa-no-Ha
31757,90.0,Kizumonogatari Part 2: Hot-Blooded
31764,1259.0,Alderamin on the Sky
31772,1152.0,One Punch Man Specials
31780,,Kimi no Kokoro wa Kagayaiteru kai?
31788,,Ero Manga! H mo Manga mo Step-up♪
31789,,Oni Chichi: Vacation
31790,9482.0,Active Raid
31804,7316.0,Kumamiko: Girl Meets Bear
31807,11227.0,Sugio: Mori de Koi wo Shite
31810,,Amakano
31812,292.0,Black Butler: Book of the Atlantic
31815,4119.0,This Boy is a Professional Wizard
31833,12061.0,Metamorphose
31845,8200.0,Hybrid x Heart Magias Academy Ataraxia
31846,9683.0,Puzzle & Dragons CM
31848,5930.0,Ojisan and Marshmallow
31859,1260.0,Grimgar: Ashes and Illusions
31861,6320.0,Tenchi Muyou! Ryououki 4th Season
31866,7646.0,"Last Exile: Fam, the Silver Wing - Over the Wishes"
31872,,Yukidaruma Kazoku
31882,,Bokura Machi Bouzu!
31890,8859.0,Nurse Witch Komugi-chan R
31898,11264.0,Robocar Poli
31908,,"Ai think so,"
31909,4388.0,Wakaba Girl Special
31912,12029.0,Shinsetsu Kachikachi Yama
31918,2395.0,Seraph of the Endless: Battle in Nagoya
31926,11065.0,Kashikokimono
31933,128.0,JoJo's Bizarre Adventure: Diamond is Unbreakable
31941,12086.0,Alice in Dreamland
31948,19864.0,Sora no Arawashi
31964,748.0,My Hero Academia
31965,9825.0,Ba La La Xiao Mo Xian: Qiji Wubu
31967,7803.0,Dog Days'': Gravure Talk
31978,3615.0,Crayon Shin-chan: Fast Asleep! The Great Assault on the Dreaming World!
31988,243.0,Sound! Euphonium 2
31989,1517.0,Sound! Euphonium the Movie: Welcome to the Kitauji High School Concert Band
32005,381.0,Detective Conan Movie 20: The Darkest Nightmare
32010,15690.0,Sushi and Beyond: An English Family Eats New Year's
32011,5932.0,Hakuouki: Otogisoushi
32015,3126.0,Ajin OVA
32031,,Leopard Eyes
32038,3804.0,Show By Rock!! 2
32051,2782.0,One Piece: Adventure of Nebulandia
32058,12065.0,Four Seasons: Fuuka and Nanami
32059,12044.0,Master of Torque 3
32063,,Kyonyuu Hitozuma Onna Kyoushi Saimin
32065,8922.0,Kimi no Sumu Machi
32071,2031.0,Gantz:O
32073,,Otoshidama
32083,8549.0,Luck & Logic
32084,11008.0,"Watashitachi, Luck Logic-bu!"
32088,9073.0,Osomatsu-kun: Iyami wa Hitori Kaze no Naka
32107,16665.0,Lovely Muuuuuuuco! OVA
32122,452.0,Gintama°: Umai-mono wa Atomawashi ni Suru to Yokodorisareru kara Yappari Saki ni Kue
32133,6024.0,Boro the Caterpillar
32136,18340.0,The Flying Superboard
32139,,DušaN
32142,11769.0,Takemoto Denki x Peeping Life
32143,18734.0,Peeping Life x Kaijuu Sakaba Kaiji: Kaijuu-tachi ga Iru Tokoro
32144,12973.0,Toshi Souzou Gakubu Shoukai
32147,18738.0,Peeping Life x Kids Station
32151,4243.0,Senki Zesshou Symphogear GX: Senki Zesshou Shinai Symphogear
32158,10366.0,Mobile Suit Gundam-san
32160,3901.0,Precure All Stars Movie: Minna de Utau♪ - Kiseki no Mahou
32166,,Obaachan no Takaramono
32167,,Tenkousei wa Uchuujin
32182,130.0,Mob Psycho 100
32188,296.0,Steins;Gate: Open the Missing Link - Divide By Zero
32189,2813.0,Danganronpa 3: The End of Hope's Peak High School - Future Arc
32190,6424.0,Omoi no Kakera
32195,,Junjou Shoujo Et Cetera Specials
32214,6381.0,Pandora in the Crimson Shell
32221,10641.0,Robocar Poli 2
32229,,Ojiichan no Komoriuta
32240,5676.0,Code Geass: Boukoku no Akito 4 - Nikushimi no Kioku kara Picture Drama
32248,10274.0,Masamune Datenicle
32256,,Mahou no Tenshi Creamy Mami: Zutto Kitto Motto
32267,,Kowaremono: Risa The Animation
32275,18335.0,Nar Doma Special
32287,5938.0,Kanamewo
32288,12284.0,MAG Net Jingle
32289,11627.0,Anison Nippon
32293,12487.0,Kerorinpasu
32301,7226.0,Active Raid Second
32309,7798.0,Tabi Machi Late Show
32310,17575.0,"Letchu, Getchu, Saru Getchu Episode 0"
32311,,Beautiful World
32316,9214.0,Mahou Shoujo Lyrical Nanoha: The Movie 2nd A's Mini Picture Drama
32322,,Futari wa 80-sai
32338,,Yes! BanG_Dream!
32343,,The Wonderful World
32344,,Nanairomegane
32345,11070.0,celebration and chorale
32353,7235.0,Bono Bono
32355,,Toshi Densetsu Series
32359,6118.0,Pokemon XY&Z: Subete no Nazo wo Tokiakase!
32360,6520.0,Qualidea Code
32365,2332.0,Boruto: Naruto the Movie - The Day Naruto Became Hokage
32366,174.0,Gintama: Love Incense Arc
32369,19816.0,Silk Road Shounen Yuuto: Toki wo Kakeru Shounen Yuuto no Hyouryuu Nikki
32370,1149.0,D.Gray-man HALLOW
32376,3717.0,Kindaichi Shounen no Jikenbo Returns 2nd Season: Akechi Keibu no Jikenbo
32377,11755.0,Azure Nihon Data Center
32379,7363.0,Berserk (2016)
32382,8773.0,"Wake Up, Girls! no Miyagi PR Yarasete Kudasai!"
32383,6535.0,Mr. Osomatsu Short Film Series
32384,12185.0,The New A-Class.: Next Stage with YOU
32385,10076.0,Project HAL
32388,13144.0,Undouki Kenshin Manual Taiou Taisou
32397,8805.0,Animated Journey Through Saga Prefecture
32400,12552.0,KochinPa!
32402,18020.0,Mim Mam Mint
32405,,Marshmallow★Imouto★Succubus★
32407,6600.0,Clockwork Planet
32412,6418.0,Corporate Warrior Arslan
32415,5093.0,GARO: THE ANIMATION - HOME
32417,15122.0,Chibinacs
32418,15125.0,Chibinacs 2.0
32430,,Kodanuki Ponpo
32437,5216.0,One Piece: Long Ring Long Land Arc
32438,10758.0,The Lost Village
32446,,MONSTER GENERATiON
32447,11086.0,"Nora, Princess, and Stray Cat"
32448,9925.0,Kirin Ashita no Calendar
32455,10711.0,Gekidol
32467,12364.0,UNDER THE DOG Anthea-chan
32475,,Minami no Kuni kara Kita Tegami
32476,7199.0,Love Live! The School Idol Movie: Gekijou Manner CM
32481,7248.0,Love Live! Kouhaku Special Anime
32483,5482.0,Cheer Boys!!
32484,,A-Size Classmate
32485,2200.0,Prison School: Mad Wax
32491,1189.0,She and Her Cat: Everything Flows
32502,8775.0,BlazBlue: Alter Memory Specials
32503,9005.0,"Kemeko Deluxe!: Izumi-chan, Fukenkou yo! (Kari)"
32511,5180.0,Girls & Panzer: Nihon Senshadou Renmei News
32518,,Shoujo kara Shoujo e...
32521,11676.0,Super Mario World: Mario to Yoshi no Bouken Land
32526,2108.0,Love Live! Sunshine!!
32534,6057.0,Monkey King: Hero Is Back
32542,1537.0,Haven't You Heard? I'm Sakamoto
32543,5345.0,Lu Shidai 2nd Season
32547,814.0,Non Non Biyori Repeat: Hotaru Had Fun
32548,8868.0,Shounen Sunday CM: Imawa no Kuni no Alice
32551,1319.0,Digimon Adventure tri. Confession
32553,3749.0,Nisekoi: OVA
32555,4622.0,Magic of Stella
32559,19186.0,Ryuuzou to Shichinin no Kobun-tachi x Frogman
32566,2841.0,Noblesse: Pamyeol-ui Sijak
32568,17043.0,Kamiwaza Wanda
32571,8479.0,Shounen Ashibe: Go! Go! Goma-chan
32580,13142.0,Uniminipet
32581,10839.0,Gaza: Changing the World
32590,20047.0,Taeng-gu & Ulasyong
32593,12821.0,The Snack World
32595,10439.0,Cerberus
32596,12822.0,Snack World
32603,5888.0,My Wife is the Student Council President!+
32606,11233.0,Onigiri
32607,4756.0,Girlish Number
32608,10448.0,Endride
32613,9234.0,Elsword: El-ui Yeoin
32615,641.0,Saga of Tanya the Evil
32618,,Hietsuki Bushi
32620,,Koinaka: Koinaka de Hatsukoi x Nakadashi Sexual Life The Animation
32621,18835.0,Pokopon no Yukai na Saiyuuki
32622,9666.0,Hello Kitty no Oyayubi-hime
32625,5540.0,Okusama ga Seitokaichou! OVA: Okusama Gekijou
32626,11293.0,Kozaru no Buranko
32627,19380.0,Shaka no Shougai
32629,19977.0,"Subarashii Sekai Ryokou: New York Tabi ""Computopia Seireki Nisennen no Monogatari"""
32636,11181.0,The Cloudy Dog Talk About
32637,12250.0,Usawaltz
32639,11879.0,Usaband
32648,2251.0,Handa-kun
32660,18771.0,Petit Petit Muse
32666,18593.0,Oniku Daisuki! Zeushi-kun: Suteki na Hamburger
32682,6823.0,Kagewani -II-
32686,4250.0,Keijo!!!!!!!!
32691,8711.0,Flowering Heart
32693,11352.0,Kitakaze to Taiyou
32695,10417.0,The Little Match Girl
32696,1997.0,The Morose Mononokean
32700,,Heart Realize
32707,10356.0,Jewelpet: Attack Chance!?
32716,18403.0,Nihon no Otogibanashi
32717,1373.0,Aikatsu Stars!
32728,7539.0,What Happens Before War?
32729,1317.0,Orange
32733,14285.0,ZIP! x Peeping Life TV: The Front Line of Cool Japan
32739,12349.0,JRA Hokan Keikaku
32750,,The One that Heads to Tomorrow
32756,,Storywriter
32763,,One and Three Four
32768,,Revenge of Green Mutant
32773,18437.0,Nintama Rantarou no Uchuu Daibouken with Cosmic Front☆Next
32781,,Refrain (Music)
32788,,Ningyo no Hanashi
32799,12927.0,Tokio Heidi: Mainichi no Kodomo Uta
32806,2969.0,Aikatsu!: Nerawareta Mahou no Aikatsu! Card
32813,,2010
32820,10688.0,Boonie Bears: Spring into Action
32827,3147.0,B: The Beginning
32835,15920.0,Ganbare!! Tabuchi-kun!!
32842,18702.0,Panpaka Pantsu
32850,,Yuu no Mahou
32851,,Riding the Storm
32852,,Survivor
32854,,Fr/day Night
32862,,Never Shined
32868,,Spring Stranger
32875,11288.0,Shokupan Mimi Specials
32885,17727.0,Magnerobo Ga-Keen Recap
32886,11515.0,Anitore! EX: Jigoku no Training
32887,3703.0,Sword Oratoria: Is It Wrong to Try to Pick Up Girls in a Dungeon? On the Side
32897,19342.0,Animated Classics of Japanese Literature
32915,1552.0,Durarara!! x2 Ketsu: Dufufufu!!
32916,13908.0,YanYan Machiko Specials
32920,13988.0,Warrior
32924,3424.0,Urara Meirocho
32926,15653.0,Duel Masters: Hamukatsu to Dogiragon no Curry-pan Daibouken
32930,2937.0,Fairy Tail OVA (2016)
32937,272.0,KonoSuba: God's Blessing on This Wonderful World! 2
32943,10446.0,Hikari: Kariya wo Tsunagu Monogatari
32944,15246.0,CoCO & NiCO
32946,6262.0,Ace Attorney 6 Prologue
32948,1339.0,The Great Passage
32953,,Koi ni Naritai Aquarium
32954,8579.0,Flying Witch Petit
32956,14590.0,Aware! Meisaku-kun
32959,7729.0,Mirai no Watashi
32962,4386.0,Occultic;Nine
32977,1313.0,Aggretsuko
32979,1268.0,Flip Flappers
32981,11385.0,Hand Shakers
32982,,Imakara Atashi......
32983,92.0,Natsume's Book of Friends Season 5
32989,7880.0,King of Prism by Pretty Rhythm Short Anime
32993,6700.0,Sore ga Seiyuu!: Petit Uchiage
32995,731.0,Yuri!!! On ICE
33004,2651.0,Tanaka is Listless Today Too
33010,7089.0,FLCL Progressive
33011,9061.0,KAIJU GIRLS
33012,7355.0,Island
33018,5206.0,Katsugeki Touken Ranbu
33019,4513.0,Reikenzan: Eichi e no Shikaku
33021,12501.0,Ragnastrike Angels
33027,6870.0,Infini-T Force
33031,3664.0,Scorching Ping Pong Girls
33035,2488.0,"Yuyushiki: Komarasetari, Komarasaretari"
33042,12457.0,Zonmi-chan: Halloween☆Special Movie!
33046,5877.0,B-Project: Kodou*Ambitious
33051,307.0,Mobile Suit Gundam: Iron-Blooded Orphans 2nd Season
33056,7990.0,Buddy Go!
33062,,Egao ni Dai Sekkin
33069,5739.0,Dimension W: Do Robots Dream of Bath Houses?
33071,1226.0,Bungo Stray Dogs 2 - Walking Alone
33074,2940.0,Lupin the Third Part 4 Specials
33075,4850.0,Myriad Colors Phantom World Special
33077,12790.0,Terajima-chou Kidan: Ginnagashi
33083,13193.0,Wa Wa Wa Wappi-chan
33089,1624.0,Kemono Friends
33094,2044.0,WWW.WAGNARIA!!
33099,13255.0,Washimo 4th Season
33104,,Rance 01: Hikari wo Motomete The Animation - Leazas no Yami
33113,11436.0,Scared Rider Xechs
33114,12093.0,Experiment
33115,17472.0,Elves and the Shoemaker
33118,6240.0,Kuma Miko Specials
33124,,Wakuwaku♥Nukegake Daisakusen
33130,18348.0,Naze Ikiru: Rennyo Shounin to Yoshizaki Enjou
33136,16913.0,Kachikachi Yama (1958)
33142,5626.0,Re:ZERO ~Starting Break Time From Zero~
33148,9389.0,Detective Conan: Let's Experience the Jomon Period!
33150,8533.0,Detective Conan: A Written Challenge from the Pyramids!
33155,8434.0,Code Geass: Hangyaku no Lelouch Picture Drama - Hajimari no Zenya
33163,11617.0,Seishain Cyborg 003
33164,6562.0,Musaigen no Phantom World: Limitless Phantom World
33165,,Mashou no Nie 3
33173,4961.0,Sansha Sanyou Specials
33183,1902.0,Mahoutsukai Precure! Movie: Kiseki no Henshin! Cure Mofurun!
33191,1334.0,Thus Spoke Kishibe Rohan
33199,19696.0,Shounen Ashibe
33200,19698.0,Shounen Ashibe Anzen Kyouiku Anime
33201,8667.0,Ojisan and Marshmallow Episode 13: Hige-san and Marshmallow
33203,4100.0,Anonymous Noise
33208,6046.0,Utawarerumono: Itsuwari no Kamen Specials
33213,10812.0,Onizushi
33218,4105.0,Your Voice -KIMIKOE-
33225,8794.0,Mobile Suit Gundam-san (ONA)
33226,9401.0,Kotowaza Gundam-san (ONA)
33228,10943.0,Kidou Senshi Gundam-san: Hiyoko Days ― Suisei Hiyoko to Fushigi na Ofuda
33236,,Committed Red
33237,19127.0,What Is Not Romance?
33238,5680.0,PADAK
33242,7041.0,IS: Infinite Stratos 2 - Infinite Wedding
33247,7475.0,Tsubasa to Hotaru (2016)
33253,1415.0,Ajin: Demi-Human 2nd Season
33254,4032.0,Arslan Senki (TV) Gaiden
33255,164.0,The Disastrous Life of Saiki K.
33258,10768.0,Qin Shi Ming Yue: Guoqing Tebie Pian
33262,15164.0,Chobitto Zukan
33266,9346.0,NANOCORE
33271,8466.0,Nanocore 2nd Season
33276,12541.0,Konnichiwa Onara Gorou
33278,9452.0,Qin's Moon: Lady Xiang Descends
33286,4080.0,Strike the Blood Second
33291,,Pinkerton
33310,18735.0,Peach Command Shin Momotarou Densetsu
33314,5968.0,Digimon Universe App Monsters
33320,19988.0,Datum Point
33326,,Aftermath
33335,4544.0,Japanese Classical Stories
33337,1202.0,ACCA: 13-Territory Inspection Dept.
33338,1699.0,One Piece: Heart of Gold
33339,8630.0,Zhongguo Jingqi Xiansheng
33343,18574.0,Omusubi Kororin
33348,17467.0,Kushimitama Samurai
33349,16180.0,Bedtime Stories
33350,1674.0,Rakshasa Street
33354,1255.0,Cardcaptor Sakura: Clear Card
33360,6510.0,Code Geass: Boukoku no Akito 5 - Itoshiki Mono-tachi e Picture Drama
33366,11161.0,Toukiden 2
33369,,Metronome
33377,7613.0,Trickster
33378,1799.0,Haikara-san: Here Comes Miss Modern
33387,16639.0,Ippou Nippon Mukashibanashi
33388,15080.0,Charanpo Land no Bouken
33389,8010.0,Genbanojou
33391,10651.0,Red Ash: Gearworld
33398,18356.0,Neko Konogoro
33400,,Jigoku de Naze Warui
33401,,Momotarou (Music)
33414,18657.0,Otona no Ikkyuu-san
33415,19658.0,Shiritsu Liyon Gakuen
33417,3555.0,Super Lovers 2
33421,4739.0,Hitori no Shita - The Outcast
33430,6765.0,Oscar's Oasis
33438,13214.0,Walking Meat
33443,2190.0,The Legend of Luoxiaohei
33446,1353.0,Huyao Xiao Hongniang: Yue Hong
33447,9380.0,Piacevole: My Italian Cooking
33449,11202.0,Moving Colors
33454,6854.0,Kochira Katsushikaku Kameari Kouenmae Hashutsujo: The Final - Ryoutsu Kankichi Saigo no Hi
33455,6804.0,Kakushigoto PV
33456,5491.0,Fate/Kaleid Liner Prisma Illya 3rei!! Shorts
33465,16395.0,Hong Haier: Juezhan Huoyanshan
33473,10090.0,Tokyo Twins Athletic Tournament
33474,6499.0,Haha wo Tazunete Sanzenri (Movie)
33475,4433.0,Armed Girl's Machiavellism
33478,4277.0,UQ Holder!
33484,19663.0,Shiroi Zou
33485,18289.0,Naita Aka Oni
33486,445.0,My Hero Academia Season 2
33490,2525.0,JOKER 4th Season
33498,7328.0,Fight! Kickers
33499,8396.0,Fight! Kickers
33500,11364.0,Acerola-chan
33501,15994.0,Go Go Smile Anime
33505,,Tsumamigui 3 The Animation
33514,,Nama Lo Re: Furachimono The Animation
33520,1483.0,Koutetsujou no Kabaneri Movie 2: Moeru Inochi
33525,12933.0,Tokyo 2164
33531,7274.0,Last Hope
33534,10668.0,Curly
33540,19582.0,Shima Kousaku no Asia Shinseki-den
33545,12484.0,Henna Omamesan
33551,11825.0,Mameshi-Pamyu-Pamyu
33558,2876.0,Tales of Zestiria the X Prologue: The Age of Chaos
33562,8151.0,The Unparalleled Black & White
33564,10436.0,Armed Blue Gunvolt
33566,5786.0,Baki: Most Evil Death Row Convicts Special Anime
33569,5471.0,Re:ZERO PETIT
33570,11745.0,Zenryoku Yobikou 5.5 Seminar Prologue
33571,14125.0,Zenryoku Yobikou 5.5 Seminar
33578,,Hungry Zombie Francesca!!
33588,,Shinkyoku no Grimoire The Animation: Unico no Natsuyasumi
33589,3970.0,ViVid Strike!
33599,18269.0,Na Sa Er Ding
33600,17941.0,Menghuan Xiyou
33601,17930.0,Menghuan Xiyou 2
33604,18093.0,Armored Adventure 3rd Season
33618,11035.0,Ozmafia!! Special
33630,13746.0,Rainbow Sea
33654,2462.0,Hitorijime My Hero
33658,4546.0,Girls & Panzer: Kore ga Hontou no Anzio-sen desu! - Fushou Akiyama Yukari no Sensha Kouza
33662,12675.0,Taka no Tsume 8: Yoshida-kun no Batten File
33668,5298.0,Matoi the Sacred Slayer
33681,9047.0,Flying Witch Petit Special
33685,7836.0,Cyborg 009: Call of Justice 1
33686,7265.0,Cyborg 009: Call of Justice 2
33687,7169.0,Cyborg 009: Call of Justice 3
33689,,Dive to Blue
33694,12125.0,Mukidashi no Mitsuko
33702,8829.0,Tong Zhi Zhe
33703,15052.0,Chao Shen Youxi
33704,7361.0,AOTU World
33708,10868.0,Baku Tech! Bakugan Gachi Special
33712,10713.0,Bikini Warriors OVA
33717,15991.0,Ginga Tetsudou no Yoru: Fantasy Railroad in the Stars Special
33723,17731.0,Mahou Shoujo? Naria☆Girls Nama de Anime wo Tsukuru Sama
33724,5493.0,Monster Strike The Movie: To The Place of Beginnings
33726,2999.0,Saiyuki Reload Blast
33727,18364.0,Neko no Dayan: Fushigi Gekijou
33728,3985.0,Chain Chronicle: The Light of Haecceitas Part 1
33739,7607.0,Ori-Princess
33746,10497.0,Anime de Training! Xx
33750,,Boku no Yayoi-san 2
33753,12847.0,Ori-Princess 2nd Season
33755,9677.0,Mahjong King
33756,16302.0,Hen Xi You
33760,8801.0,The Totem Warrior
33768,,Oide yo! Shiritsu Yarimakuri Gakuen
33769,,Imouto to Sono Yuujin ga Ero Sugite Ore no Kokan ga Yabai
33770,11547.0,Kirin Hyoketsu: Atarashiku Ikou Animation Movie
33775,9837.0,Soul Buster
33783,6674.0,Godzilla: Planet of the Monsters
33787,13158.0,Usamaru
33792,15775.0,Feng Shu Zhan Jing 2
33798,9380.0,Cheer Danshi!! Recap
33806,7755.0,Macross Δ: Delta Shougekijou
33808,8857.0,Girl Friend Note
33811,5903.0,Teekyu 8
33818,2231.0,Amanchu! Episode 13: The Story of the Promised Summer and New Memories
33823,15952.0,Genbaku Dome Monogatari
33827,15892.0,Gakushuu Animation Nihon Koku Kenpou
33834,9853.0,Seven Mortal Sins
33845,1437.0,Free! The Movie -Timeless Medley- the Bond
33846,10871.0,Garo: Guren no Tsuki - Yurugaro
33849,18371.0,Nekoronde ID
33856,19227.0,"Saitama-ken Zaijuu, Fujiyama Osamu, 33-sai, Mushoku (NEET).: Fujilog Nyuumon-hen"
33861,12034.0,Nani no Yaku ni Mo Tatanai Karappona Hanashi
33866,,Wonder
33871,12361.0,Estima: Sense of Wonder
33875,7880.0,Kochira Katsushikaku Kameari Kouenmae Hashutsujo: Ryoutsu vs. Nakimushi Idol!? Nihon 1-shuu Dai Sugoroku Game!!
33881,7454.0,Kochira Katsushikaku Kameari Kouenmae Hashutsujo: Washi to Ore!? - Bokura wa Asakusa Shounen Tanteidan!
33887,,Time for Christmas
33894,19370.0,Sensou: Kodomo-tachi no Yuigon
33898,,Torikaekko Please
33903,9934.0,All-Free kono Natsu Ichioshi Monogatari Campaign Kokuchi Douga
33907,,Magical Music Train
33911,,Gakuen Handsome: Legend of Sexy
33916,13240.0,Wanwanwan Coin
33922,12688.0,"Taka no Tsume-dan, Toyama"
33925,7703.0,Hua Jianghu: Bu Liang Ren II
33926,743.0,The King's Avatar
33933,13918.0,Yasamura Yasashi no Yasashii Sekai
33934,7898.0,Trigger-chan
33936,9624.0,JA Kumamoto Keizairen
33940,9388.0,Best Care Group
33945,12683.0,Taka no Tsume x Megane Super
33950,5125.0,Black Clover: Jump Festa 2016 Special
33964,6321.0,91 Days: Brief Candle
33970,643.0,Girls und Panzer das Finale – Part 1
33978,14319.0,0-sen Hayato Pilot
33983,2535.0,Onihei
33993,,300 En no Otsukiai Anime Edition
33994,4407.0,Servamp Specials
33997,5159.0,Yu☆Gi☆Oh! The Dark Side of Dimensions Special: Eien no Rival - Yuugi to Kaiba!
33998,19984.0,Sugar Bunnies: Taisetsu na Tomodachi e...
33999,19981.0,Sugar Bunnies Chocolate! Specials
34003,,Nameless
34009,4128.0,To Be Hero
34014,16440.0,The Adventures of the Little Prince
34019,3766.0,Tsugumomo
34028,10184.0,Idol Incidents
34030,,Bokura no Sex
34034,4541.0,Pokémon the Series: Sun & Moon
34039,,L'Œil du cyclone
34051,6373.0,Akiba's Trip The Animation
34060,12602.0,Dead World
34076,464.0,The Eccentric Family 2
34077,5735.0,Cardfight!! Vanguard G Next
34078,13119.0,Ukkari Pénélope (2013)
34083,11471.0,Tansa Quest!
34085,,Sakura Nagashi
34086,2481.0,Tales of Zestiria the X Season 2
34088,10345.0,Chiruran 1/2
34092,18486.0,Norasco (Movie)
34096,15.0,Gintama Season 5
34100,674.0,Fate/kaleid liner Prisma Illya: Vow in the Snow
34102,2336.0,Sagrada Reset
34103,1996.0,Danganronpa 3: The End of Hope's Peak High School - Hope Arc
34106,3771.0,RIN-NE Season 3
34112,18618.0,Oroka
34117,7372.0,Otousan wa Ai no Hito
34122,11193.0,Minna de Bokumetsu Inshu Unten
34125,2946.0,High School Fleet OVA
34134,1717.0,One Punch Man Season 2
34136,1892.0,Orange: Mirai
34140,12284.0,Eyedrops
34148,5739.0,Nyanko Days
34151,17519.0,Landreaall
34152,3391.0,Super Danganronpa 2.5: Nagito Komaeda and the Destroyer of the World
34153,12222.0,Eyedrops Episode 0
34156,18757.0,PePePePengiin
34162,18049.0,Minikui Ahiru no Ko
34166,16655.0,Isobe Isobee Monogatari Jump Festa Special
34173,8579.0,Buddy Go! 2
34176,3691.0,Grimoire of Zero
34177,5755.0,Angel's 3Piece!
34178,4906.0,Inazuma Eleven: Outer Code
34183,18386.0,Nezumi-kun no Kimochi
34187,19583.0,Shima no Kuregata no Hanashi
34190,14327.0,1-ri Botchi no Ookami to 7-hiki no Ko Yagi
34193,18445.0,Nippon Mukashibanashi: Sannen Netarou
34204,5100.0,Sound! Euphonium 2 Specials
34209,3870.0,Meiji Tokyo Renka
34213,6769.0,Tawawa on Monday
34222,10866.0,Higanjima X
34223,12620.0,Forest Fairy Five
34224,15605.0,Doubutsu Mura no Kodomo-tachi
34227,4485.0,Belle to Kaijuu Ouji
34234,18532.0,Ohayou! Kokekkou-san
34239,8285.0,The Story of the Sextuplets and a Horse
34243,,Miss Monochrome: Music Clips
34249,14513.0,Aqua Kids
34257,6107.0,THE IDOLM@STER CINDERELLA GIRLS Theater
34258,12970.0,Toruru's Adventure
34259,15182.0,"Chotto Ugoku!? ""Futeneko"""
34261,16941.0,Kai: The Legend of Mirror Lake
34262,1842.0,The Royal Tutor
34264,18422.0,Ninja Bear the Animation★
34277,2082.0,"New Game! Watashi, Shain Ryokou tte Hajimete nanode..."
34279,2944.0,Record of Grancrest War
34280,4981.0,Gamers!
34281,2786.0,High School DxD Hero
34286,9913.0,KiyaKiya
34289,10014.0,Schoolgirl Strikers: Animation Channel
34290,3431.0,Kirakira☆Precure A La Mode
34292,9382.0,Kamigami no Ki
34295,8650.0,Ai-Mai-Mi Surgical Friends
34299,2639.0,Digimon Adventure tri. Loss
34300,3046.0,Full-Time Magister
34302,4146.0,Precure Dream Stars! Movie
34304,3882.0,PriPara Movie: Mi~nna de Kagayake! Kirarin☆Star Live!
34307,8922.0,Ring ni Kakero 1 Pilot
34309,18311.0,Nananin no Ayakashi: Chimi Chimi Mouryou!! Gendai Monogatari
34310,12701.0,Tamagotchi Movie: Tanpen Himitsu no Otodoke Daisakusen!
34311,,Ecchi na Shintai Sokutei Anime Edition
34314,5994.0,Crayon Shin-chan Gaiden: Omocha Wars
34323,8856.0,Hi☆sCoool! SeHa Girls Special
34324,11748.0,Chiryokumaru
34325,3706.0,Pokemon XY&Z Specials
34328,10928.0,Iwaki Meisei Daigaku
34332,9669.0,Hulaing Babies
34336,16002.0,Glass no Kamen desu ga to Z Specials
34340,16347.0,Hikoichi's Wits
34342,17748.0,"Firewood, Kanta and Granpa"
34346,4807.0,Pig: The Dam Keeper Poems
34349,1335.0,Ace of Diamond: Second Season OVA
34350,3542.0,Alice & Zoroku
34354,16356.0,Himitsukessha Taka no Tsume: Christmas Daisakusen
34361,,Kyonyuu Reijou MC Gakuen
34363,18525.0,Ocha-ken: Ryokutto Monogatari
34367,10077.0,Long Riders! Recap
34370,15253.0,Cofun Gal no Coffy Campus Life Specials
34374,1623.0,Yuuki Yuuna wa Yuusha de Aru: Washio Sumi no Shou 1 - Tomodachi
34383,11203.0,Netsuzou Trap -NTR-
34389,3861.0,Koro Sensei Quest!
34394,6781.0,Yuuki Yuuna wa Yuushabu Shozoku
34402,12354.0,Love Rice
34403,7454.0,My First Girlfriend is a Gal
34406,,Punpun Polka
34409,11363.0,Chuuko Video-ya no Onna Tenin X
34410,9302.0,Balala the Faries: Over the Rainbow
34411,12240.0,Taishou Mebiusline: Chicchai-san
34417,19218.0,SAIGO
34422,12330.0,Two Tea Two
34423,11670.0,Spring has come!
34424,,How Low Sympathy
34425,19125.0,Rocco chan
34428,1228.0,Overlord: The Dark Hero
34436,11404.0,Age of Obscure: Boubaku Jidai
34437,713.0,Code Geass: Lelouch of the Re;surrection
34438,766.0,Code Geass: Lelouch of the Rebellion I - Initiation
34445,1221.0,Yuki Yuna is a Hero: The Hero Chapter
34450,,Mahou Sensei Negima! Tokubetsu Eizou
34455,7765.0,Princess Connect!
34464,11499.0,Gijinka de Manabo!
34465,3537.0,Blue Exorcist: Kyoto Saga OVA
34467,9650.0,Theatre of Darkness: Yamishibai 4
34471,4865.0,Yo-kai Watch Shadowside: The Return of the Oni King
34475,7056.0,Monster Strike: Rain of Memories
34480,1798.0,Shokugeki no Souma: Ni no Sara OVA
34486,19966.0,Star Ocean: Anamnesis
34491,,Sagurare Otome The Animation
34497,6568.0,Death March to the Parallel World Rhapsody
34498,8426.0,Fireworks
34500,,Nanocore SP Lianxi Pian 2015 Xinnian Tebie Ban
34501,6738.0,Kenka Bancho Otome -Girl Beats Boys-
34502,7700.0,Inazma Delivery
34506,,Idol Kyousei Sousa
34519,11378.0,Kidou Senshi Gakuen: G-Reco Koushien
34528,18226.0,Mukashi Mukashi Momotarou
34532,8408.0,Terra Formars: Earth-hen
34538,9823.0,"Soushin Shoujo Matoi: Yuma-chin, Matomemashita - Nanimo Kitenakute... Natsu"
34543,8454.0,DIVE!!
34547,1563.0,Altair: A Record of Battles
34561,1557.0,Re:CREATORS
34565,7431.0,Chronos Ruler
34566,8577.0,Boruto: Naruto Next Generations
34572,416.0,Black Clover
34577,1391.0,The Seven Deadly Sins: Revival of the Commandments
34580,5493.0,Fastest Finger First
34599,61.0,Made in Abyss
34600,18284.0,Nagoya Tetsudou Special Movie
34604,3119.0,UQ Holder! Mahou Sensei Negima! 2 OVA
34614,9168.0,Teekyu 8 Specials
34622,9629.0,Giant Robo
34629,18044.0,MiniGARO
34644,4053.0,Brave Witches: Petersburg Grand Strategy
34655,,I Was King
34656,,Ai Uta: Since 2007
34657,,Kawazuno Mekaridoki
34665,17120.0,"Kemy & Buka, Chaka"
34670,7483.0,Monster Strike the Anime 2nd Season
34676,13816.0,Boonies Bears: Sunsational Summer
34691,17490.0,Kyou mo Kyou to te Tape wa Mawaru
34697,19643.0,Shinmai
34706,16372.0,Hitori Shika Inai Jibun
34708,11780.0,Kawaijuku Manavis CM
34717,13251.0,Laughing Moon
34723,8765.0,Youjo Shenki: Episode 0
34733,10820.0,One Room Special
34738,9574.0,SENGOKUCHOJYUGIGA
34744,17443.0,Kumo no Gakkou
34754,4168.0,Rilu Rilu Fairilu: Yousei no Door
34764,11729.0,Kuro-Nikuru Girls
34771,12378.0,Dynamic Chord
34782,10632.0,Tama-Pawns
34787,2380.0,Idol Time PriPara
34798,270.0,Laid-Back Camp
34813,8892.0,Recommend! Godzilland
34818,10567.0,Sakura Internet
34822,502.0,Tsukigakirei
34831,16219.0,Hanitarou desu.
34839,5447.0,Sanrio Boys
34840,8065.0,Fox Fears
34841,16243.0,Haruniwa Ie no 3 Nin-me
34850,12833.0,Sugar Lump
34857,,Everyday Affair
34862,9869.0,Xianjing Chuanshuo RO: Shouhu Yongheng de Ai
34871,19878.0,Sore Ike! Anpanman: Buruburu no Takarasagashi Daibouken!
34877,16923.0,Kaettekita Dr. Slump: Arale-chan Special
34881,5080.0,AHO-GIRL
34887,11892.0,Against
34892,15879.0,Gakuen Senki Muryou Recap
34902,1500.0,Tsuredure Children
34908,,Calihara no Uta
34915,3344.0,THE IDOLM@STER SideM
34919,17115.0,Kekkon wo Iwau Usagi to Tora
34926,19646.0,Shinran Shounin to Ousha-jou no Higeki
34929,11680.0,Kotowa Jiten: Hetana Teppou mo Kazu Ucha Ataru!
34934,6379.0,Love and Lies
34940,9749.0,Dongguo Xiaojie
34948,8931.0,Hakuouki: Otogisoushi Special
34954,11570.0,Yoshichiro Salutes
34960,12800.0,Tesapuru da yo! Schedule no Au Hito dake Shuugou!
34966,5891.0,Hell Girl: Fourth Twilight
34972,6341.0,Twilight
34980,11828.0,Fin-tan
34985,19638.0,Shinkalion
35004,20033.0,"My teacher, Mr. T"
35006,,Happy Party Train
35015,1778.0,Ani ni Tsukeru Kusuri wa Nai!
35018,9343.0,Osomatsu-san: Haru no Zenkoku Dai Senbatsu Jouei-sai - Sentou Quiz 2
35020,19345.0,Sekai Jinken Sengen
35021,16252.0,Hashire John
35022,14103.0,Yuuki Aru Hotaru to Tobe Nai Hotaru
35023,16893.0,Jun ga Kureta Inochi
35024,18596.0,Onita's Hat
35027,16746.0,Jibun de Jibun wo Mamoru
35028,,Baka Dakedo Chinchin Shaburu no dake wa Jouzu na Chii-chan♡
35029,,Tensei Kendo no Harem Colosseo
35030,19660.0,Shiro to Takeshi
35033,11466.0,Sam to Chip no wa Hachamecha Dai Race
35036,15683.0,Eddy & Emmy no Initial Ring wa Futari de
35039,16295.0,Hello Kitty to Miyou: Nihon Mukashibanashi
35040,18056.0,Minna no Taabou Konnichiwa
35041,13094.0,Uchuu Bouei-tai Taabou no Shinkirou Hoshi wo Sukue!
35042,13098.0,Uchuu Bouei-tai Taabou no Toki no Tomatta Hoshi
35047,18070.0,Mirai e no Tegami: Kono Michi no Tochuu kara
35049,18051.0,Minna ga Shitteru: Kokoro Atatamaru Natsukashii Ohanashi Series
35052,16931.0,Kagee Anime Series
35054,18389.0,Ni wa no Kotori
35057,15840.0,Furidashita Ame
35058,12992.0,Trojan wo Jibun no Te de
35060,18402.0,Nihon no Obake-banashi
35061,18535.0,Ohanashi de Te Koi
35062,518.0,The Ancient Magus' Bride
35067,1379.0,Mr. Osomatsu 2
35069,12278.0,The World YAMIZUKAN
35070,10866.0,3-nen D-gumi Glass no Kamen: Tobidase! Watashitachi no Victory Road
35071,18457.0,Noah's Animal Clinic Medical Book Record
35073,1001.0,Overlord II
35076,6126.0,Juni Taisen: Zodiac War
35078,2029.0,Mitsuboshi Colors
35082,920.0,Sound! Euphonium the Movie: May the Melody Reach You!
35084,16049.0,Grimm Douwa Anime Series
35091,16137.0,Hachigatsu Kokonoka Nagasaki
35099,14301.0,Zukkoke Sannin-gumi no Jitensha Kyoushitsu
35104,15191.0,A Christmas Carol
35109,18424.0,Ninja Tamamaru: Rule wo Mamotte Koutsuu Anzen! no Maki
35115,9291.0,Warau Salesman Episode 0
35121,19614.0,Shin Gakkou no Yuurei
35126,15110.0,Chibi Maruko-chan: Jishin wo Kangaeru
35130,12742.0,Tat-chan - Momo-chan no Fushigina Taiken
35134,7882.0,Eureka Seven Hi-Evolution 1
35138,12663.0,Astro Plan
35142,14005.0,Yoshida no Matsue Beauty Daisakusen
35147,14860.0,Boku wa Ko Zou no Shouboutai
35153,18148.0,Momotarou no Koutsuu Anzen Kyoushitsu
35159,2707.0,Your Light: Kase-san and Morning Glories
35165,16182.0,Hajime ni Oboeru Koutsuu Anzen
35170,13192.0,Wagaya no Koutsuu Anzen: Chichi to no Yakusoku
35176,18542.0,Ojarumaru no Koutsuu Anzen
35183,7032.0,Gurazeni: Money Pitch
35198,1012.0,Free! -Take Your Marks-
35202,10598.0,Hand Shakers: Go ago Go
35212,14367.0,Adauchi Karasu
35220,3120.0,Elegant Yokai Apartment Life
35229,18203.0,Mr. Men Little Miss
35233,16798.0,Jingisukan no Jin-kun
35239,17468.0,Kuruneko (ONA)
35247,25.0,Owarimonogatari Second Season
35248,8196.0,18if
35249,2498.0,Umamusume: Pretty Derby
35251,8144.0,Sengoku Night Blood
35265,9085.0,The Night Before Special: The Long-Awaited Utopia
35275,14549.0,Asonde Oboeru Gakushuu DVD
35279,14018.0,Youkoso! Ecolo Shima
35285,4575.0,A-Channel: Let's Eat Hot Pot
35297,16232.0,Happy Seven: The TV Manga - Chibi Chara Moshimo Gekijou
35298,6113.0,Ms. Koizumi Loves Ramen Noodles
35300,7502.0,Puella Magi Madoka Magica Side Story: Magia Record
35308,17618.0,Lion x Kamiusagi Rope
35314,4891.0,"Busou Shoujo Machiavellianism: Doki! ""Goken-darake"" no Ian Ryokou"
35319,15821.0,Freaky Highschool
35328,12119.0,BOY's LOVE Nitro+CHiRAL
35333,2151.0,Hitori no Shita - The Outcast 2
35339,,Mobile Dog House￥
35346,6742.0,THE IDOLM@STER CINDERELLA GIRLS Theater (Web) 2nd Season
35350,,SYZ Project
35353,11091.0,Yogen-sha Ikusei Gakuen: Fortune Tellers Academy
35368,13085.0,Two on the Road: Itsumo Futari de
35386,11129.0,Tonpei and Sarukichi
35391,11608.0,Yasuji Murata's Monkey and the Crabs
35398,12220.0,Armies of the World
35405,12515.0,?/Rhythmic Triangles/Fighting Cards
35411,9345.0,Hortensia Saga CM
35416,8216.0,"Kabuki-bu!: Oogiri ""Chiyocolate-gassen"""
35419,,Jitensha ni Notte.
35425,3212.0,Donten: Laughing Under the Clouds - Gaiden: Chapter 3 - Conspiracy of the Military
35442,18453.0,Elise in Wonder Cooking
35447,11336.0,100% Pascal-sensei
35452,16189.0,Hamidashi CoroCoro
35456,,Chokotto Kamen feat. Inoue Kikuko
35466,343.0,ReLIFE: Final Arc
35473,6559.0,Yuuki Yuuna wa Yuushabu Shozoku 3
35475,11918.0,Isobe Isobee with Nakata Yasutaka de Sourou
35478,18367.0,Neko no Robu
35492,12144.0,The Octopus Bone
35498,,Boku to Misaki-sensei
35504,,Velvet Underworld: Fragment Person
35508,19384.0,Shampoo Ouji
35514,,Sigh
35521,15955.0,Geisters Movie: Inochi no Shou
35525,,Yume Hakonda Randoseru
35530,,Mayuge Dance
35536,,Kaakaa Karasu no Kanzaburou
35541,9363.0,Turning Mecard
35551,8146.0,Eevee and Colorful Friends
35557,182.0,Land of the Lustrous
35573,,Hot Spring Circle
35579,12761.0,TEC & HER PETS
35585,,Stella-Rium
35592,,Zton Jingai Animation: A Beautiful Greed Nulu Nulu
35593,17885.0,Meiken Lassie: Yume ni Mukatte Hashire!
35594,13982.0,Ylion to Callysia
35602,5608.0,Tsukigakirei: First Half - The Road So Far
35608,446.0,"Love, Chunibyo & Other Delusions!: Take On Me"
35616,19305.0,Santa no Yama Yousei no Mori
35621,17611.0,LINE Rangers
35626,2575.0,Yao Shen Ji
35631,11625.0,Mahouka x Mameshiba
35641,16483.0,Huan Bian Jingling: Dangao Tianxin
35648,12250.0,BraFro x Taka no Tsume: Brave Funding Prologue
35652,7264.0,Crayon Shin-chan Gaiden: O-o-o no Shinnosuke
35658,1010.0,Kuroko no Basket: Last Game NG-shuu
35663,,My Wish
35668,,Okaasan no Kao
35672,1402.0,Encouragement of Climb Season 3
35678,1048.0,Sound! Euphonium: Our Promise: A Brand New Day
35683,11494.0,Midnight Crazy Trail
35698,18538.0,Oidon to
35704,11871.0,NoisyCell x Ponkotsu Quest
35708,11649.0,Afureko! AR
35710,14621.0,Baby Gamba
35720,4823.0,ACCA: 13-ku Kansatsu-ka Specials
35726,,Tramp Stamp Anime Edition
35739,10525.0,Pikotaro's Lullaby La La By (TV)
35746,,6 Lovers
35760,79.0,Attack on Titan Season 3
35776,4805.0,Kingdom Hearts χ Back Cover
35782,,Catch: Tsugi no Natsu ga Kuru You ni
35786,,Akisutozeneko
35790,608.0,The Rising of the Shield Hero
35799,18046.0,Miniforce
35827,,Otome*Domain The Animation
35838,346.0,Girls' Last Tour
35848,660.0,Promare
35854,,Zero Seiki Movie 2: Herlock
35859,9998.0,Black Jack: Futari no Kuroi Isha - Manner Movie
35868,4373.0,Grisaia: Phantom Trigger The Animation
35883,5788.0,Cinderella Girls Gekijou 2nd Season
35889,2175.0,Hakata Tonkotsu Ramens
35890,15699.0,Enoshimans
35891,,Implicity
35905,4641.0,The Ryuo's Work is Never Done!
35909,8793.0,Guruguru Petit Anime Gekijou
35914,14993.0,Catchy-kun no Nice Catch!
35921,10827.0,Backkom Bear: Agent 008
35928,4673.0,Devils' Line
35933,11695.0,Aoshima Megu
35949,2801.0,Mobile Suit Gundam Thunderbolt: Bandit Flower
35958,11616.0,Tori vs. Buta: Buttobi Pizza Battle
35963,18809.0,PJ Berri no Mogumogu Munyamunya Season 2
35968,663.0,Wotakoi: Love is Hard for Otaku
35974,,Swan
35980,11321.0,Oh! Crock
35985,15466.0,Dibetagurashi: Ahiru no Seikatsu - Ahiru no Sumu Shima
35992,11819.0,Super Mario's Fire Brigade
35994,4136.0,Angels of Death
35999,12095.0,Dia Horizon (Kabu)
36016,9556.0,Cogimyun
36023,6662.0,Persona 5 The Animation
36028,789.0,Golden Kamuy
36033,,Kagirohi: Shaku Kei - Another
36040,11677.0,Knights of the Zodiac: Saint Seiya
36050,,Mean
36056,,Amaryllis
36061,,I'm Coming
36066,,The Sunk Sank
36072,,Human Gift
36077,4953.0,Macross Δ Movie: Gekijou no Walküre
36083,6334.0,Lostorage Conflated WIXOSS: Missing Link
36089,,9
36096,,Ice Fist
36102,,Halved feat Chip King(The Body)
36107,19663.0,Shirotan: Shirotan ga Ippai!
36113,,Love
36119,7885.0,Uma no Friends
36129,,Oyoge! Taiyaki-kun
36135,10869.0,Oretacha Youkai Ningen
36144,3404.0,GARO -VANISHING LINE-
36151,16007.0,Gohan Suki
36156,9531.0,Keifuku-san
36161,14488.0,"Annyeong, Jeonwoochi! Dosoolrobotdaegyeoljeon"
36166,10015.0,Fireball Humorous
36172,,Sajyo no Yumekui Syoujyo
36181,,Christmas Morgue
36191,,Boku wa Sonzai Shiteinakatta
36196,8948.0,Kaijuu Girls: Ultra Kaijuu Gijinka Keikaku 2nd Season
36215,781.0,One Piece: Episode of East Blue - Luffy and His Four Crewmates' Great Adventure
36226,8820.0,Kai Feng Qitan: Zhege Baogong Bu Taixing
36231,16358.0,Hinomaru!
36239,11216.0,The One Piece That I Am Looking At
36245,9695.0,Evil or Live
36258,,Ohedo Julia-Night
36264,,Drive Car
36269,8207.0,Detective Conan: Anti-Crime Guide
36273,18021.0,Mimi-chan no Te to Te to Te
36279,10723.0,The Curlydog Story
36287,9185.0,Early English with Doraemon
36292,,Apron Hero
36298,10035.0,Robot Girls Z: Fukkatsu no Chika Teikoku!? Robot Girls Z vs. Nazo no Sandai Shuyaku Robo!
36310,16017.0,Gomen ne Chitchi
36314,16439.0,Honou no Senshi: Firegirl
36318,5021.0,Full-Time Magister 2nd Season
36323,17194.0,Kimari no Nai Kuni
36325,13245.0,Wao-kun no Hane
36342,4185.0,Full Metal Panic! Movie 1: Boy Meets Girl
36347,,Gomennasai
36352,,Gomen yo! Wanwan
36357,,Chibikko Cowboy
36362,,Hamburger no Tsukurikata
36368,6402.0,Scutes on my mind
36374,,Flamingo Waltz
36378,,Hotaru Koi
36384,,Mama no Kekkon
36389,,Yukai na Mezamashi Tokei
36395,,Ichiendama no Tabigarasu
36400,,Koinu no Blue
36411,18240.0,Mushinin
36419,,Katsugeki/Touken Ranbu Movie
36425,8903.0,Infinity Nado 2
36431,8402.0,One Room: Second Season
36436,10951.0,Mobile Suit Gundam: Twilight Axis - Red Blur
36447,11163.0,Lord of Vermilion IV
36466,3011.0,Digimon Adventure tri. Future
36475,4015.0,Sword Art Online Alternative: Gun Gale Online
36480,1605.0,Drifters
36489,,Beachside Lover
36501,8835.0,MahoYome: Greeting
36506,15869.0,Fuwafuwa Hour: Pui Pui & Muu Muu
36510,11257.0,Ulysses: Jeanne d'Arc and the Alchemist Knight
36515,8942.0,Dies Irae: To the Ring Reincarnation
36521,10558.0,Dies Irae: Irasshai Zonnenji
36528,10755.0,Kakyuusei (TV): Hajimemashite Tina!
36529,6845.0,THE IDOLM@STER SideM: 315 Variety Pack! Made In Passion!
36530,9944.0,Pororo the Little Penguin 6
36536,4227.0,STARMYU Season 3
36544,7660.0,Black and White Warriors
36550,17505.0,Lalala Lala-chan Mini
36556,6428.0,PEACE MAKER KUROGANE – Belief & Friend
36564,10809.0,Kamiusagi Rope x Boruto: Naruto Next Generations
36569,6564.0,Nanatsu no Taizai: Tsumi no Kokuhaku Dennou Grimoire!
36575,10937.0,"PLUG, THe NeW WORLD"
36580,11062.0,Boku wa Shitteru yo.
36586,9650.0,Kinyoubi no Yakusoku
36591,17142.0,Kero Kero Keroppi no Bokura no Ohimesama
36597,,Detarame Rock&Roll Theory
36600,,Dokidoki Dream!!!
36604,,Bang Babang Bang!!!
36616,2229.0,Mob Psycho 100 Reigen: The Miraculous Unknown Psychic
36622,11325.0,Hamaneko
36629,7669.0,The Highschool Life of a Fudanshi Special
36637,6654.0,Akashic Re:cords
36641,10462.0,Grand Marche no Meikyuu
36646,9889.0,Daitai 3-pun de Wakaru .hack History
36666,9743.0,Stitch & Ai
36672,,Wanna Be A Tuna
36678,12028.0,Kawawawawawada
36684,,Shining☆Romance
36699,,Kimitachi wa Dou Ikiru ka
36704,1388.0,Free! Dive to the Future
36705,14093.0,Yuuwaku★Office Lover 2
36712,11935.0,Mighty Thor: Battle Royale
36718,12133.0,Yakan Gakkou no Ura-sensei
36724,15770.0,Felix x Kamiusagi Rope
36725,,Naisho no Hanashi
36726,3967.0,Yuuna and the Haunted Hot Springs
36729,6867.0,Fate/Apocrypha Recaps
36734,14318.0,(a long day of) Mr. Calpaccio
36742,6926.0,Koisuru Shirokuma Tokubetsu-ban
36747,11889.0,1/100 Train Station
36752,,Robotic Girl
36757,,Happy☆Twinkle
36761,9544.0,Osomatsu-san Short Film Series 2nd Season
36767,,Joutoku
36771,14658.0,"Part-time job is ""evil organization""!?"
36775,3819.0,I'm Joybo
36781,,Original
36790,5923.0,Ling Yu 2nd Season
36799,10228.0,Kyoto Animation Koushiki Twitter: Itsumo Arigatou
36804,,Lala-chan Santa no Fantasy Christmas
36810,,Shijin to Tsubame
36815,11048.0,Sakura no Chikai: Marronni☆Yell - Higashi no Hichou Shimotsuke-shi wo Yell!
36820,,Kaijuu ga Yattekuru
36824,2274.0,Fox Spirit Matchmaker 6th Season
36833,5355.0,Fate/Kaleid Liner Prisma Illya: Vow in the Snow - Dark Sakura's Room
36834,8144.0,Sengoku Night Blood: Ongaku Dai Tokushuu
36836,10803.0,Toho Cinemas x Pokemon Go
36841,,Sousha wa Tada Senaka to Teikin de Kataru Nomi
36846,,Fruits 5 Shimai
36855,4371.0,Chuunibyou demo Koi ga Shitai! Movie: Take On Me Mini-Drama - Koukai Chokuzen no... Kaiko Gekijou
36856,12929.0,Tomica Hyper Rescue Drive Head: Kidou Kyuukyuu Keisatsu (ONA)
36857,12922.0,Tomica Hyper Rescue Drive Head: Kidou Kyuukyuu Keisatsu Movie
36861,9196.0,Sorcery in the Big City
36865,11171.0,Tokyo Girls Collection 2016 A/W x Osomatsu-san Special Movie
36871,5390.0,Ultraman
36873,4175.0,Back Street Girls: Gokudols
36885,160.0,Saekano the Movie: Finale
36890,8738.0,dMatsu-san
36895,,"Nee, ...Shiyo♥"
36903,1924.0,Kengan Ashura
36913,8535.0,Inazuma Eleven x Kaitou Gru no Tsuki Dorobou
36914,7277.0,Fate/Grand Order x Himuro's World: Seven Most Powerful Great Figures Chapter
36915,7344.0,Fate/Grand Order: Moonlight/Lostroom
36918,,Happy Happy Party!
36922,,Orchestra of Smiles!
36927,3212.0,Pokémon the Movie: The Power of Us
36936,2608.0,Mirai
36942,7646.0,Cinderella Girls Gekijou 2nd Season Specials
36946,396.0,Dragon Ball Super: Broly
36951,2097.0,Yuu☆Yuu☆Hakusho: Two Shots/Noru ka Soru ka
36956,,Jewelry The Animation
36962,1834.0,Food Wars! The Third Plate OVA - Erina's New Life
36970,,Hetchara Heiki no Heihachirou
36979,12717.0,Tanuki to Kitsune
36983,,Butt Detective: A Wind-Breaking Victory Dance
36992,7662.0,Itou Junji: Collection - Tomie
37007,1558.0,Hinomaru Sumo
37020,13340.0,Wooh & Wah
37024,18152.0,Momoya Norihei Anime CM
37028,18710.0,Panpaka Pants x Lala-chan
37033,940.0,Today's Menu for the Emiya Family
37037,9799.0,"Animegataris: Yuku Toshi, Kuru Toshi"
37046,6947.0,Drifters (OVA): Kokuou-sama Goranshin
37051,9485.0,Petit☆Dream Stars! Let's La Cooking? Showtime!
37060,,Konpeitou
37066,,Okome Kakurenbo
37072,,Naite Ita Onnanoko
37078,342.0,The King's Avatar (2018)
37082,10087.0,Uchuu Senkan Yamato Pilot Film
37088,,Enkou JK Bitch Gal: Ojisan to Namapako Seikatsu
37097,13797.0,Boonie Bears: Homeward Journey
37103,4119.0,Danganronpa 3: Monokuma Gekijou
37109,1492.0,Hakumei to Mikochi: Neji to Bed to Irori to Bakuchi
37115,12662.0,Taka no Tsume 7: Joou Heika no Jobuubu
37117,14675.0,Bakutsuri Bar Hunter
37124,9989.0,THE iDOLM@STER Cinderella Girls: Starlight Stage - Shinshun! Happy New Year Campaign
37127,,Saimin☆Gakuen
37136,,Shounen
37142,11499.0,Nishitetsu CMs
37149,13743.0,Rainbow Sea 2nd Season
37154,9056.0,Grimms Notes The Animation
37168,15142.0,Chikasugi Idol Akae-chan Specials
37172,10779.0,Nanatsu no Bitoku Specials
37179,17804.0,Cats and Peachtopia
37184,4342.0,Ze Tian Ji 2nd Season
37188,7068.0,Crossing Time
37194,,Arigatou
37206,4483.0,Anima Yell!
37210,4574.0,How Not to Summon a Demon Lord
37219,13822.0,Panda and Little Mole
37223,,Ore ga Kanojo wo *su Wake
37228,12829.0,Legend of Sealed Book
37232,6279.0,Merc Storia: The Apathetic Boy and the Girl in a Bottle
37241,14595.0,Aware! Meisaku-kun: Human Academy Robot Kyoushitsu
37242,10754.0,Starwing Paradox
37243,12431.0,Kataribe Jinkou Chinou ga Tsubuyaku Noroi no Yogen
37246,18169.0,"Moshimoshi, Terumi desu."
37255,15964.0,Genki Genki Non-tan: Obake Mura Meiro
37258,11448.0,You Don't Know Gunma Yet
37264,7809.0,Overlord: The Maid Tea Party
37266,,The Secret About That Girl
37272,5695.0,Kujira no Kora wa Sajou ni Manabu!
37279,11766.0,Eyedrops Special Episode
37280,12770.0,Tenka Touitsu Koi no Ran: Shutsujin! Saika 4-nin Shuu
37285,12165.0,"Ippun de Wakaru Eiga ""Donten ni Warau"" Kaisetsu Yokoku"
37291,8771.0,Dawn of the World
37293,5690.0,Wo Jia Da Shixiong Naozi You Keng
37294,5527.0,Wangu Xian Qiong II
37300,9154.0,The Adventures of Little Carp
37302,3692.0,Kemurikusa (TV)
37303,2535.0,"K: SEVEN STORIES ""SIDE:BLUE - Sirius - """
37306,1327.0,"K: SEVEN STORIES ""Memory of RED - BURN -"""
37316,,Cocktail Prince: Shaking Night!!
37324,5765.0,Youkai Watch: Shadow Side
37325,17453.0,Kuroneko Monroe
37326,16683.0,Japan World Cup
37334,11563.0,Star Wars: The Force Awakens
37338,3210.0,Mr. Tonegawa: Middle Management Blues
37341,1507.0,Laid-Back Camp Specials
37345,5745.0,Plunderer
37351,,Ten made Tobaso
37357,,Prism (2018)
37362,7583.0,Sword Art Online Fatal Bullet: The Third Episode
37364,3281.0,Blood Blockade Battlefront & Beyond OVA
37368,10236.0,Shounen Ashibe: Go! Go! Goma-chan 3
37377,6106.0,Masamune-kun's Revenge OVA
37379,140.0,Chihayafuru 3
37385,,Tough Boy
37388,8729.0,Fist of the Blue Sky: Regenesis 2nd Season
37392,10147.0,Amazing Pleasant Goat
37401,,Irotoridori
37404,,Circus
37414,,STEREO
37418,10844.0,Ookami Kodomo no Ame to Yuki x House Shokuhin Stew CM
37423,9933.0,Happy Pasta Story
37428,15072.0,Chara to Otamajakushi Shima
37435,788.0,Carole & Tuesday
37436,8704.0,Revisions
37437,,Chimera
37441,1818.0,Psycho-Pass: Sinners of the System Case.2 - First Guardian
37447,3336.0,Karakuri Circus
37451,3667.0,Boogiepop and Others
37461,,Kerakera
37466,,Hina no Uta
37483,11714.0,Bean Bandit
37487,5263.0,Muhyo & Roji's Bureau of Supernatural Investigation
37493,13272.0,Watashitachi no Mirai
37497,1655.0,Iroduku: The World in Colors
37504,6629.0,Mob Psycho Mini
37509,10624.0,W'z
37515,196.0,Made in Abyss: Wandering Twilight
37520,302.0,Dororo
37525,5061.0,Babylon
37530,9180.0,Miyako
37535,11715.0,Asunal Kanayama
37538,,Junai Rhapsody
37543,11286.0,Iryou Keiei Consultant
37546,10651.0,Jirijiri Moyou no Ryuuryuu Tenten
37550,12193.0,Gingirl
37555,8798.0,Operation Han-Gyaku-Sei Million Arthur
37560,17791.0,Mannaka no Rikkun@Kin Tele
37564,6922.0,My Holy Weapon
37569,4067.0,Sirius the Jaeger
37576,9561.0,Sorcerous Stabber Orphen
37577,8293.0,Hibike! Euphonium Movie: Photo Session e Youkoso
37578,3259.0,Planet With
37585,,Yarichin☆Bitch-bu
37591,16455.0,Houkago Midnighters: Short Movies Season 2
37594,,Present
37598,6766.0,Phantom in the Twilight
37604,,So long!
37608,,Love Trial
37611,5214.0,Future Card Buddyfight Battsu: All-Star Fight
37616,,Ten Count
37619,8808.0,CMFU Xueyuan: Wangzi Peng Peng Qiu
37639,,LOSE IT
37640,16956.0,Kaishain vs Credit Card Kacho
37641,7980.0,Yin Yang Shi: Ping An Wu Yu
37655,9884.0,Sword Gai The Animation Part II
37659,,Taimanin Yukikaze Special
37664,19998.0,Sukoyaka Oyako 21 x Taka no Tsume-dan
37670,,Taiyou to Tsuki no Kodomo-tachi (2018)
37675,692.0,Overlord III
37679,,Nanatsu-iro REALiZE
37683,,The Starry Night
37688,,Ousama no Takaramono
37691,,Boer no Mori e
37696,,Ojiisan no Densha
37703,8008.0,Megalo Box Specials
37710,5279.0,IDOLiSH7 Special Program: Kimi to Furikaeranai to!
37711,6625.0,Love and Lies: Love of a Lifetime/Feelings of Love
37716,2810.0,As Miss Beelzebub Likes.
37717,10679.0,The Tale of Oan: What I Learned That Summer
37719,4287.0,High School DxD Hero Episode 0: Holiness Behind the Gym
37723,12118.0,Rokudou Juku
37731,,Oh Baby Plus
37736,10034.0,Fire X Fire
37742,11921.0,Chainsaw Maid: Episode Zero
37749,13058.0,Turning Mecard R
37755,7031.0,Golden Travelogue Theater
37764,6234.0,Mobile Suit Gundam Narrative
37771,,Kiniitta Chitsu ni Ikinari Nakadashi OK na Resort-tou
37775,8869.0,Slide
37780,18562.0,Okojo to Yamane
37786,730.0,Bloom Into You
37790,8812.0,"Taisetsu na Kazoku wo Tsutsumu, Sono Te."
37799,6710.0,Tokyo Ghoul:re 2nd Season
37804,1232.0,Shirobako Movie
37822,565.0,Douluo Dalu 2nd Season
37827,18352.0,Neko Kikaku
37831,6080.0,Sword Art Online Alternative: Gun Gale Online - Refrain
37842,9200.0,Poputepipikku Specials
37850,15705.0,Elleair x Kamiusagi Rope
37854,12180.0,Aioiaioiaioi
37858,4677.0,Free! Movie 1: Timeless Medley - Kizuna - Character Butai Aisatsu
37863,,Diamond Fusion
37864,4271.0,Yinhun x KFC
37865,9912.0,Pokemon: Aki no Special
37870,561.0,BanG Dream! 3rd Season
37875,17009.0,KakoPad: Nagaoka Hanabi Monogatari
37877,10897.0,Promedicus
37887,6453.0,Eudemon Quest
37892,19569.0,Shigutsman
37896,9444.0,Ling Yu 6th Season
37902,3209.0,One Piece: Episode of Skypiea
37906,10972.0,Gaikan Chiba
37914,4628.0,The Orbital Children
37922,8651.0,KADO: The Right Answer – Beyond Information
37927,18492.0,Nu Sheng Su She Ri Chang
37934,10231.0,Mahou Shoujo Lyrical Nanoha StrikerS Picture Drama
37939,,Lilitales
37944,16287.0,Hello Cocomong 2
37947,,Rocket Dive
37952,10827.0,Afterlost
37956,1189.0,Real Girl Season 2
37963,4918.0,Caramel Honey
37967,6141.0,"Chuunibyou demo Koi ga Shitai! Movie: Take On Me - Weekly Short Movie ""Kotatsu DE Photo Session"""
37978,17030.0,Kamisama Minarai: Himitsu no Cocotama - Minarai Cocotama-dou
37982,5486.0,Domestic Girlfriend
37986,2346.0,Trinity Seven Movie 2: Heavens Library to Crimson Lord
37989,302.0,Golden Kamuy Season 2
37997,4323.0,Devils Line: Anytime Anywhere
38001,19650.0,Shinya! Tensai Bakabon Specials
38005,2326.0,Strike Witches: Road to Berlin
38011,16299.0,Hello WeGo!
38016,14113.0,Zannen na Ikimono Jiten
38022,5617.0,Monster Strike the Animation
38028,11376.0,Green Dakara x Mirai no Mirai
38033,,Soikano: Gyutto Dakishimete - The Animation
38038,,Elf no Oshiego to Sensei
38042,,Graduation
38049,19120.0,The World of Roku
38059,12371.0,Namakura Gatana: Kunoichi-hen
38067,9568.0,Harukana Receive: Web Previews
38073,17251.0,The Tayo Movie: Mission Ace
38078,7823.0,Zoo: Hidamari no Shi
38081,512.0,Girls und Panzer das Finale – Part 2
38086,1436.0,Fate/Grand Order: Divine Realm of the Round Table - Camelot Paladin; Agateram
38092,15159.0,Chiro
38096,10244.0,Ensemble Girls!!
38100,16379.0,Holiday Love
38106,,Hotohashiru
38107,,Maken no Hime wa Ero Ero desu
38110,8404.0,Tales of HR
38112,9031.0,Tales of Puppet
38120,14258.0,GG Bond Season 3: Adventure in the Future
38123,14255.0,GG Bond Season 6: Rescue Crew Comes
38128,14243.0,GG Bond Season 11
38131,14237.0,GG Bond Season 13: Agent G
38136,14252.0,GG Bond: Ultimate Battle Prequel
38140,14233.0,GG Bond: Adventure to the World
38145,1067.0,My Roommate is a Cat
38149,7423.0,Full Metal Panic! Invisible Victory Intermission
38154,8651.0,3-gatsu no Lion: Ugoku! Nya Shogi
38158,,HuGoo.n no Hug Hug Song
38163,9245.0,I Want You To Show Me Your Panties With a Disgusted Face 2
38167,17756.0,Malta no Bouken Season 2
38175,8863.0,Seizei Ganbare! Mahou Shoujo Kurumi 2nd Season
38180,7427.0,Heavy Object: Dai 37 Kidou Seihi Daitai - Sakusen Kiroku
38191,,Annie
38192,6308.0,Sakugan
38194,14397.0,Aika-chan no Chikyuu
38199,10752.0,Bermuda Triangle: Colorful Pastrale
38203,7742.0,THE IDOLM@STER SideM Wakeatte Mini!
38211,8364.0,Cinderella Girls Gekijou 3rd Season Specials
38226,8937.0,Amazing Stranger
38234,325.0,One Piece: Stampede
38235,4586.0,Inazuma Eleven: Orion no Kokuin
38246,12842.0,Tian Xin Ge Ge 3rd Season
38252,,Boku to Nurse no Kenshuu Nisshi The Animation
38260,,Kunoichi Botan
38267,,Sleeping Beauty
38268,7376.0,Operation Han-Gyaku-Sei Million Arthur 2nd Season
38271,,Spice Paradise: Curry Meshi Ver.
38273,,Top wo Nerae 3!
38276,5274.0,After School Dice Club
38284,11191.0,Devidol!
38290,10276.0,Tokyo Cosmo
38299,18282.0,Nagano Toshi Gas x Kamiusagi Rope
38305,,Ohayou no Uta
38311,,Tenka Muteki no Gouyaaman★
38319,,Mayuge no Uta
38324,,Haru wo Yobu Yume
38328,7435.0,Azur Lane the Animation
38333,1025.0,Is the Order a Rabbit?? OVA
38339,,Suzumi-bune
38348,15982.0,Gift±
38354,11606.0,Ganbare! Memeko-chan
38361,9273.0,Tales of Crestoria
38372,8569.0,Magic Knight Rayearth Pilot
38379,9140.0,Flash & Dash S
38385,,Dry Dry Try
38395,10397.0,Armor Shop for Ladies & Gentlemen
38398,15485.0,Din Dong Specials
38407,11954.0,Ishii Hiroyuki x Saitou Souma Essay-shuu
38412,7637.0,Little Bean
38416,9574.0,Arad: Gyakuten no Wa
38424,11027.0,Controller of Controller
38425,7456.0,Ikkitousen: Western Wolves
38427,15363.0,Daifuku-kun@Kin Tele
38433,10988.0,God Eater Reso Nantoka Gekijou: Episode EX
38435,1758.0,Yao Shen Ji 3rd Season
38436,1108.0,Fights Break Sphere 3rd Season
38444,8651.0,God Eater Resonant Ops
38445,,loTus feat. Pt. Ajay Pohankar
38450,163.0,The Founder of Diabolism Season 2
38453,,Natural Vacation The Animation
38461,9162.0,Timing
38464,7124.0,The Relative Worlds
38469,11831.0,The Sprites of Floria
38473,10371.0,Itsuka Aeru Kimi ni
38484,19505.0,Yugo & Lala 3
38489,4766.0,The Wind Guardians
38493,19844.0,Sofy Soft Tampon: Drive Ryokou-hen
38497,13267.0,Borderless Happiness
38501,,Catalyst
38507,,Houkago no Thesaurus
38524,4.0,Attack on Titan Season 3 Part 2
38529,7995.0,Chidori RSC
38533,2401.0,Fox Spirit Matchmaker 7th Season
38537,16562.0,Huoli Shaonian Wang zhi You Quan Yingxiong
38551,,Beat in Love
38555,1793.0,My Next Life as a Villainess: All Routes Lead to Doom!
38560,20029.0,Calico Critters: Mini Episodes - Ivy
38570,12743.0,Tatakae! Dokan-kun: Robolympic-hen
38585,,Mahoutsukai ni Narenakatta Onnanoko no Hanashi.
38611,18871.0,Power Battle Watch Car
38616,11860.0,Ganbare Chibi Godzilla
38620,,Kanpeki Ojousama no Watakushi ga Dogeza de Mazo Ochisuru Choroin na Wakenai desu wa!
38628,7454.0,Hero Mask
38648,17213.0,King of Prism: Shiny Seven Stars IV - Louis x Shin x Unknown
38656,2889.0,Darwin's Game
38667,10022.0,W'z: Hand Shakers with W'z
38668,509.0,Dorohedoro
38669,5598.0,Tsukiuta. The Animation 2
38673,8229.0,Katana Maidens: Mini Toji
38681,6832.0,God Eater 3
38688,9364.0,Dream Tower
38689,10323.0,Guan Hai Ce
38691,256.0,Dr. Stone
38701,12482.0,aaH / Hee
38705,16925.0,Kagaku Ninya-tai Gatchanyan
38708,,Wagaya no Liliana-san The Animation
38716,,Kidou Senshi Gundam: Senkou no Hathaway 2
38722,9552.0,Shadow Skill (1999)
38728,,Onami
38732,,"Chikan Shita Joshi*sei to Sonogo, Musabori Au Youna Doero Junai"
38735,6017.0,7 Seeds
38739,8340.0,Mobile Suit Gundam Unicorn Perfectibility
38744,9889.0,Han-Gyaku-Sei Million Arthur
38749,7644.0,Blade Runner: Black Lotus
38757,,To Disappear
38762,,crack
38766,12399.0,ROLL
38770,843.0,Detective Conan Movie 23: The Fist of Blue Sapphire
38775,,Rune's Pharmacy: Tiarajima no Okusuriya-san
38783,9016.0,Ikebukuro PR Anime
38788,7199.0,Detective Conan: Amuro Secret Call
38790,1543.0,"BOFURI: I Don't Want to Get Hurt, so I'll Max Out My Defense."
38794,,Summer Rich
38798,,Tsuma ga Kirei ni Natta Wake
38803,10129.0,Anima Yell! Ouen Douga
38807,7636.0,Goblin Slayer: Adventure Sheet
38811,,Copy
38816,1717.0,Hello World
38821,13268.0,Wedding Park
38826,252.0,Weathering with You
38830,7577.0,The 8th son? Are you kidding me?
38835,7466.0,Umayon
38850,987.0,Star☆Twinkle Precure: Hoshi no Uta ni Omoi wo Komete
38855,,Yuu Kiri
38860,10112.0,Bakumatsu Crisis
38865,,Bitch Gakuen ga Seijun na Hazu ga Nai!!? The Animation
38871,19040.0,Rainbow Scene
38875,16679.0,JAM POT
38881,16764.0,I'm from Japan
38886,,Krosna
38891,3304.0,Sora no Method: Mou Hitotsu no Negai
38895,3402.0,Double Decker! Doug & Kirill: Extra
38899,11708.0,Nissin Men-nashi Donbei x Himote House
38903,,Moonrise
38907,9857.0,The Kind Devil
38913,,HYPER SWEET POWER
38914,,Papa's March
38915,12464.0,The Island of Giant Insects
38920,6232.0,Kochoki
38924,5200.0,Nekopara
38931,16055.0,Green Co-Op CMs
38932,8723.0,Oyako wa Tsuzuku yo
38933,10307.0,Hirooka Asako
38935,6634.0,Miru Tights
38957,9050.0,Shake-chan
38958,1262.0,Learning with Manga! Fate/Grand Order
38959,2133.0,Lord El-Melloi II's Case Files: Rail Zeppelin Grace Note
38961,,Takoyaki Story
38970,10597.0,Land
38975,,Sansha Mendan: Rensa Suru Chijoku Choukyou no Gakuen
38980,,I Like It
38992,2252.0,"Science Fell in Love, So I Tried to Prove It"
39000,11748.0,Color Cycling
39011,8564.0,Madan no Ou to Vanadis: Tigre-kun to Vanadi-chu Episode 0
39017,4360.0,In/Spectre
39018,10311.0,Right Places
39023,18989.0,Qin's Moon: The High Waves of Canghai
39027,11660.0,Aru Otoko no Ikikata
39031,14591.0,B Rappers Street
39035,11815.0,Lux Straight & Beauty Massugu Ikiru
39047,,Puttobe! Poodel
39057,8655.0,A New Journey
39066,8132.0,Karakuri Circus: Makuai - Soshite Mata Kaimaku Bell
39086,,A Christmas Song
39091,18622.0,Orushipe Suopu
39095,,Aishiteru (2010)
39103,19269.0,Sanbiki no Kobuta no Koutsuu Anzen
39107,9410.0,Tottoko Hamtarou: Hiragana Tanken
39112,,Kawaki wo Ameku
39117,15998.0,Girls Jockey
39121,16399.0,Hong Mao Lan Tu: Chuang Taikong
39125,16410.0,Hong Mao Lan Tu: Maoyan Kan Yuzhou
39130,16397.0,Hong Mao Lan Tu: A Muxing
39135,16417.0,Hong Mao Lan Tu: Yongzhe Guilai
39139,16407.0,Hong Mao Lan Tu: Kuaile Shizi
39144,15145.0,Chikyuu SOS: Chikyuu ga Netsu wo Dashite Iru
39150,,Otogi
39155,17441.0,Kuma-san no My Home
39158,17827.0,Maple Town no Koutsuu Anzen
39163,,Literary Nonsense
39169,,Girls & Panzer: Saishuushou Part 6
39174,,Sister
39179,10894.0,In the sea and near a girl.
39183,8776.0,Super Shiro
39188,5003.0,The Demonic King Who Chases His Wife
39192,13424.0,Xia Gu Zhong An Zu
39198,494.0,Astra Lost in Space
39203,,Idobata Gossip
39207,11297.0,Oned
39212,,Daruma-san ga Koronda
39216,,Casablanca
39221,8538.0,Bem
39228,13898.0,Yanbou Ninbou Tonbou no Koutsuu Anzen
39239,4917.0,Sword Art Online: Alicization - Recollection
39245,,Shinkaigyo no March
39250,4703.0,Sumikko Gurashi Movie 1: Tobidasu Ehon to Himitsu no Ko
39256,12956.0,Tong Tong - You You no Koutsuu Anzen
39261,16242.0,Hare Tokidoki Buta no Koutsuu Anzen
39271,15420.0,Dash! Yonkurou: Horizon Gundan vs. Dash Gundan
39272,15964.0,Genji Fantasy: The Cat Fell in Love With Hikaru Genji
39273,11279.0,CHANNELER
39277,7003.0,Youkai Watch!
39286,11893.0,112 Sabsections of Skyline
39292,3752.0,Princess Connect! Re:Dive
39296,,For
39306,11504.0,Notation of Rotating Earth
39310,17201.0,Kinnikuman no Koutsuu Anzen
39315,7450.0,Kekkaishi: Yoshimori no Omoi
39320,,Marine Dreamin' (2017)
39325,10962.0,Armor Shop for Ladies & Gentlemen Flips the Script
39331,11588.0,Zounds
39337,,Washer! She and I in the Women's Bath!?
39343,17270.0,Kobo-chan Special (1994)
39348,,Churazima
39353,15107.0,Chibi Maruko-chan no Konna Nori Kata Abunai yo
39358,12803.0,Tetsuwan Atom no Koutsuu Anzen
39363,6895.0,"ASTROBOY - VISITOR OF 100,000 LIGHT -YEARS IGZA-"
39367,15913.0,Ganbare! Kobo-chan Gyuunyuu
39371,18438.0,Nintama Rantarou no Jitensha Anzen Kyoushitsu
39375,18223.0,Muka Muka Paradise: Okaasan to Manabu Koutsuu Anzen
39382,4985.0,"Midnight Occult Civil Servants: The Blind Alley, the Boy, and I"
39395,,Sea Breeze
39401,20007.0,Super Mario Traffic Safety
39405,16960.0,Kaitei-koku no Koutsuu Anzen
39415,11296.0,Donbei x Kemurikusa
39426,15903.0,Ganbare! Ko Zou no Koutsuu Anzen Patrol-tai
39427,16338.0,Higuma no Ongaeshi
39430,14101.0,Zannen na Ikimono Jiten (Special)
39435,18632.0,Oshiri Tantei Movie 1: Curry Naru Jiken
39448,10208.0,Hisone to Maso-tan Digest Douga
39449,9220.0,Tamayura no Yume
39450,14116.0,Zen-chan Two-chan
39453,12945.0,Tonbo ni Natta Yat-chan
39465,,Wishing
39468,589.0,Ascendance of a Bookworm
39471,,Hime-sama Love Life!
39476,,Houkiboshi
39486,9.0,Gintama: The Very Final
39490,8456.0,Soba e
39495,1566.0,"The Girl From the Other Side: Siúil, a Rún"
39498,12118.0,Asobuild Concept Video
39499,,Den Den Mushi no Danko-san
39505,15603.0,Doubutsu Mura no World Cup: Yoiko no Koutsuu Anzen
39518,3424.0,Vampire in the Garden
39523,7082.0,CHOYOYU!: High School Prodigies Have It Easy Even in Another World!
39529,9414.0,Youkai Watch Movie 6: Youkai Gakuen Y - Neko wa Hero ni Nareru ka
39533,216.0,Given
39538,1804.0,Hoozuki no Reitetsu 2nd Season OVA
39545,6091.0,Fragtime
39549,,Clone
39559,15715.0,Ero◆Lover
39567,8503.0,Special 7: Special Crime Investigation Unit
39572,7889.0,Wangu Xian Qiong III: Eren Gu Pian
39581,8696.0,TV Yarou Nanaana: Wakuwaku Doukutsu Land
39583,5173.0,number24
39587,212.0,Re:ZERO -Starting Life in Another World- Season 2
39592,434.0,Mobile Suit Gundam: The Origin - Advent of the Red Comet
39597,1443.0,Sword Art Online: Alicization - War of Underworld
39605,5591.0,Hataraku Saibou Specials
39610,3241.0,ACCA: 13-Territory Inspection Department - Regards
39620,11777.0,Hakata Mentai! Pirikarako-chan
39625,17356.0,"Koutsuu Anzen Inu ""Signal"" no Oyako Nikki: Tobidashi Chuui"
39634,14889.0,Boy General
39635,15366.0,Daifuku-kun@Kin Tele 2nd Season
39644,,Setsugetsuka
39650,12140.0,Essential Free & Easy
39658,,Supermarket Flowers
39659,11329.0,Chikin Ramen x Gudetama
39664,15982.0,Gifu no Tatekayoko
39674,6201.0,Gundam vs Hello Kitty
39677,15208.0,Vertical World
39682,,Daisuki tte Imi da yo
39690,,Mousou Teikoku Chikuonki
39696,11621.0,Niigata no Edamame-ou Shiba
39701,6584.0,The Seven Deadly Sins: Imperial Wrath of the Gods
39706,,Cat Step
39708,11724.0,Fairy Ngoo
39711,14930.0,Bumblebee Hajimete no Chikyuu Seikatsu
39720,7855.0,Mu Wang Zhi Wang: Xuan Guan Si
39725,5978.0,I★Chu: Halfway Through the Idol
39734,8419.0,LINE Novel
39741,167.0,Violet Evergarden: Eternity and the Auto Memory Doll
39754,15450.0,The Immortal Legend
39759,14851.0,Boku to Onee-chan no Koutsuu Anzen
39763,,Shishigari
39769,,Kimi ni Sekai
39778,19829.0,Skyers 5 EX
39792,428.0,Keep Your Hands Off Eizouken!
39798,14241.0,GG Bond Season 15: Dinosaur Diary
39799,9285.0,Val x Love
39800,,Joshi Luck!
39803,,Boku to Sensei to Tomodachi no Mama
39808,188.0,Non Non Biyori Nonstop
39831,,Hitogata
39833,4010.0,Junk Head
39840,9567.0,Ganbare! Kakure Ase Project
39849,7621.0,Dino Girl Gauko
39851,16171.0,The Brave-Tuber
39857,,Salsa Ii na Ii ne
39862,12718.0,Tanjou!! KKT21
39870,,Neko no Heishi ga Yuku
39876,,Mori no Kuma-san
39884,,Hajimari no Sokudo
39889,,Yume Kyuukou de 15-bu
39893,9565.0,Muteking the Dancing Hero
39906,17873.0,Megido 72: Nagaki Sen Tabi no Katawara de
39910,,Boku no Kachi
39917,12578.0,Rusted Armors
39921,1749.0,Re:ZERO -Starting Life in Another World- Memory Snow: Manner Movie
39925,,Shimauma to Lion
39931,9235.0,Santa Company: Christmas no Himitsu
39936,5534.0,The Legend of Nezha
39940,1027.0,Food Wars! The Fourth Plate
39944,,Tokimeki Runners
39948,4397.0,Muhyo & Roji's Bureau of Supernatural Investigation 2nd Season
39957,,Hope
39959,1160.0,Ani ni Tsukeru Kusuri wa Nai! 3
39978,13246.0,Waresho! Warera! Shodobutsu Aigo Iinkai
39988,2244.0,Isekai Quartet 2
39993,7381.0,Isekai Quartet Relay PV
39997,,Ab-rah
